-- Insert sample books
INSERT INTO book (id, format, in_stock, lingo, location, original_language, historical_date,
publication_year, title, publisher) VALUES
(1, 'paperback', TRUE, 'en', 'Lasha Amsterdam', 'en', 1989, 1989, 'Contingency, irony, and solidarity', 'Cambridge University Press'),
(2, 'paperback', TRUE, 'en', 'Lasha Amsterdam', 'en', 1979, 1979, 'Philosophy and the Mirror of Nature', 'Princeton University Press'),
(3, 'paperback', TRUE, 'en', 'Lasha Amsterdam', 'en', 2020, 2020, 'Teleology: a history', 'Oxford University Press'),
(4, 'paperback', TRUE, 'en', 'Lasha Amsterdam', 'fr', 2018, 2022, 'The Immanence of Truths: Being and Event III', 'Bloomsbury Academic'),
(5, 'hardcover', TRUE, 'ka', 'Lasha Amsterdam', 'ka', 2009, 2009, 'Georgian Ethnological Dictionary', 'Georgian National Museum'),
(6, 'paperback', TRUE, 'en', 'Lasha Amsterdam', 'en', 2003, 2003, 'Media Society: Industries, Images, and Audiences', 'Pine Forge Press'),
(7, 'hardcover', TRUE, 'en', 'Lasha Amsterdam', 'fr', 2006, 2009, 'Logics of Worlds: Being and Event, 2', 'Continuum'),
(8, 'paperback', TRUE, 'en', 'Lasha Amsterdam', 'de', 1933, 1970, 'The Mass Psychology of Fascism', 'Condor Book Souvenir Press'),
(9, 'hardcover', TRUE, 'en', 'Lasha Amsterdam', 'la', 397, 1961, 'Confessions', 'Penguin Classics'),
(10, 'paperback', TRUE, 'nl', 'Lasha Amsterdam', 'en', 1979, 1981, 'Sexuele Geheimen: de alchemie van de extase', 'Au Bout du monde'),
(11, 'pdf', TRUE, 'en', 'Lasha Laptop', 'en', 2001, 2001, 'Norms of Nature: Naturalism and the Nature of FUnctions', 'A Bradford Book'),
(12, 'pdf', TRUE, 'en', 'Lasha Laptop', 'en', 2005, 2005, 'Evolution in Four Dimensions: Genetic, Epigenetic, Behavioral, and Symbolic Variation in the History of Life', 'A Bradford Book'),
(13, 'pdf', TRUE, 'en', 'Lasha Laptop', 'es', 1972, 1980, 'Autopoiesis and Cognition: the Realization of the Living', 'D. Reidel Publishing Company'),
(14, 'pdf', TRUE, 'en', 'Lasha Laptop', 'en', 1987, 1998, 'The Tree of Knowledge: the Biological Roots of Human Understanding', 'Shambhala Publications'),
(15, 'pdf', TRUE, 'en', 'Lasha Laptop', 'en', 1958, 2015, 'Harrison''s principles of Internal Medicine', 'McGraw-Hill Education'),
(16, 'paperback', FALSE, 'en', 'Amazon.de', 'en', NULL, 2011, 'The Quadruple Object', 'Zero Books'),
(17, 'paperback', FALSE, 'en', 'bol.com', 'en', 1974, 2005, 'Zen and The Art of Motorcycle Maintenance', 'Harper Collins Publishers'),
(18, 'paperback', FALSE, 'en', 'bol.com', 'en', 1969, 1991, 'Slaughterhouse-Five', 'INGP');


INSERT INTO person (id, first_name, prefix, last_name) VALUES
(1, 'Richard', NULL, 'Rorty'),
(2, 'Jeffrey, K.', 'Mc', 'McDonough'),
(3, 'Thomas, Kjeller', NULL, 'Johansen'),
(4, 'Mariska', NULL, 'Leunissen'),
(5, 'Patricia', NULL, 'Marechal'),
(6, 'Kara', NULL, 'Richardson'),
(7, 'Robert', NULL, 'Pasnau'),
(8, 'Holly', NULL, 'Flora'),
(9, 'Yitzkhak, Y.', NULL, 'Melamed'),
(10, 'Kathryn', NULL, 'Murphy'),
(11, 'Paul', NULL, 'Guyer'),
(12, 'James', NULL, 'Kreines'),
(13, 'Anna, Harwell', NULL, 'Celenza'),
(14, 'Patrick', NULL, 'Forber'),
(15, 'Alain', NULL, 'Badiou'),
(16, 'Susan', NULL, 'Spitzer'),
(17, 'Kenneth', NULL, 'Reinhard'),
(18, 'Soso', NULL, 'Chanturishvili'),
(19, 'David', NULL, 'Croteau'),
(20, 'William', NULL, 'Hoynes'),
(21, 'Alberto', NULL, 'Toscano'),
(22, 'Wilhelm', NULL, 'Reich'),
(23, 'Vincent, R.', NULL, 'Carfagno'),
(24, 'Saint (title)', NULL, 'Augustine'),
(25, 'R.S.', NULL, 'Pine-Coffin'),
(26, 'Nik', NULL, 'Douglas'),
(27, 'Penny', NULL, 'Slinger'),
(28, 'Noud', 'van der', 'Eerenbeemt'),
(29, 'Paul Sheldon', NULL, 'Davies'),
(30, 'Eva', NULL, 'Jablonka'),
(31, 'Marion, J.', NULL, 'Lamb'),
(32, 'Anna', NULL, 'Zeligowski'),
(33, 'Humberto', NULL, 'Maturana'),
(34, 'Francisco, J.', NULL, 'Varela'),
(35, 'Dennis, L', NULL, 'Kasper'),
(36, 'Stephen, L', NULL, 'Hauser'),
(37, 'J. Larry', NULL, 'Jameson'),
(38, 'Anthony, S.', NULL, 'Fauci'),
(39, 'Dan, L.', NULL, 'Longo'),
(40, 'Joseph', NULL, 'Loscalzo'),
(41, 'Graham', NULL, 'Harman'),
(42, 'Robert, M', NULL, 'Pirsig'),
(43, 'Kurt', NULL, 'Vonnegut');


INSERT INTO collection(id, name) VALUES
(1, 'Philosophy'),
(2, 'Culture'),
(3, 'Social Sciences'),
(4, 'Religion'),
(5, 'Spirituality'),
(6, 'Fiction'),
(7, 'Dharma'),
(8, 'Psychology'),
(9, 'Psychoanalysis'),
(10, 'Sexuality'),
(11, 'Biology'),
(12, 'Medicine');

INSERT INTO book_people_role (id, role, book_id, person_id) VALUES
(1, 'AUTHOR', 2, 1),
(2, 'AUTHOR', 1, 1),
(3, 'EDITOR', 3, 2),
(4, 'CONTRIBUTOR', 3, 2),
(5, 'CONTRIBUTOR', 3, 3),
(6, 'CONTRIBUTOR', 3, 4),
(7, 'CONTRIBUTOR', 3, 5),
(8, 'CONTRIBUTOR', 3, 6),
(9, 'CONTRIBUTOR', 3, 7),
(10, 'CONTRIBUTOR', 3, 8),
(11, 'CONTRIBUTOR', 3, 9),
(12, 'CONTRIBUTOR', 3, 10),
(13, 'CONTRIBUTOR', 3, 11),
(14, 'CONTRIBUTOR', 3, 12),
(15, 'CONTRIBUTOR', 3, 13),
(16, 'CONTRIBUTOR', 3, 14),
(17, 'AUTHOR', 4, 15),
(18, 'TRANSLATOR', 4, 16),
(19, 'TRANSLATOR', 4, 17),
(20, 'EDITOR', 5, 18),
(21, 'AUTHOR', 6, 19),
(22, 'AUTHOR', 6, 20),
(23, 'AUTHOR', 7, 15),
(24, 'TRANSLATOR', 7, 21),
(25, 'AUTHOR', 8, 22),
(26, 'TRANSLATOR', 8, 23),
(27, 'AUTHOR', 9, 24),
(28, 'TRANSLATOR', 9, 25),
(29, 'AUTHOR', 10, 26),
(30, 'AUTHOR', 10, 27),
(31, 'TRANSLATOR', 10, 28),
(32, 'AUTHOR', 11, 29),
(33, 'AUTHOR', 12, 30),
(34, 'AUTHOR', 12, 31),
(35, 'ILLUSTRATOR', 12, 32),
(36, 'AUTHOR', 13, 33),
(37, 'AUTHOR', 13, 34),
(38, 'AUTHOR', 14, 33),
(39, 'AUTHOR', 14, 34),
(40, 'EDITOR', 15, 35),
(41, 'EDITOR', 15, 36),
(42, 'EDITOR', 15, 37),
(43, 'EDITOR', 15, 38),
(44, 'EDITOR', 15, 39),
(45, 'EDITOR', 15, 40),
(46, 'AUTHOR', 16, 41),
(47, 'AUTHOR', 17, 42),
(48, 'AUTHOR', 18, 43);

INSERT INTO book_collection (collection_id, book_id) VALUES
(1, 1),
(1, 2),
(1, 3),
(1, 4),
(2, 5),
(3, 6),
(1, 7),
(8, 8),
(9, 8),
(4, 9),
(5, 9),
(5, 10),
(10, 10),
(11, 11),
(1, 11),
(1, 12),
(11, 12),
(11, 13),
(1, 13),
(1, 14),
(11, 14),
(12, 15),
(1, 16),
(6, 17),
(6, 18);